run	arm	seed	model	pool	aux	best_epoch	val_f1	lambda	source	vocab	K
fam1_codebert	transfer_cwe	42	microsoft/codebert-base	cls	cwe	12	0.6586	0.2	data/train_ccpp_js.jsonl	fixed4	8
fam1_codebert	transfer_latent_bottleneck	42	microsoft/codebert-base	cls	latent_bottleneck	14	0.6476	0.2	data/train_ccpp_js.jsonl	fixed4	8
fam1_codebert	transfer_latent_proto	42	microsoft/codebert-base	cls	latent_proto	3	0.5346	0.2	data/train_ccpp_js.jsonl	fixed4	8
fam1_codebert	transfer_none	42	microsoft/codebert-base	cls	none	15	0.6575	0.2	data/train_ccpp_js.jsonl	fixed4	8
fam1_codet5	transfer_cwe	42	Salesforce/codet5-base	mean	cwe	14	0.6449	0.2	data/train_ccpp_js.jsonl	fixed4	8
fam1_codet5	transfer_latent_bottleneck	42	Salesforce/codet5-base	mean	latent_bottleneck	14	0.6356	0.2	data/train_ccpp_js.jsonl	fixed4	8
fam1_codet5	transfer_latent_proto	42	Salesforce/codet5-base	mean	latent_proto	7	0.5357	0.2	data/train_ccpp_js.jsonl	fixed4	8
fam1_codet5	transfer_none	42	Salesforce/codet5-base	mean	none	14	0.6828	0.2	data/train_ccpp_js.jsonl	fixed4	8
fam2_codebert	transfer_cwe	42	microsoft/codebert-base	cls	cwe	15	0.6519	0.05	data/train_ccpp_js.jsonl	fixed4	8
fam2_codebert	transfer_latent_bottleneck	42	microsoft/codebert-base	cls	latent_bottleneck	2	0.5109	0.05	data/train_ccpp_js.jsonl	fixed4	8
fam2_codebert	transfer_latent_proto	42	microsoft/codebert-base	cls	latent_proto	15	0.7045	0.05	data/train_ccpp_js.jsonl	fixed4	8
fam2_codet5	transfer_cwe	42	Salesforce/codet5-base	mean	cwe	15	0.672	0.05	data/train_ccpp_js.jsonl	fixed4	8
fam2_codet5	transfer_latent_bottleneck	42	Salesforce/codet5-base	mean	latent_bottleneck	15	0.6502	0.05	data/train_ccpp_js.jsonl	fixed4	8
fam2_codet5	transfer_latent_proto	42	Salesforce/codet5-base	mean	latent_proto	15	0.6495	0.05	data/train_ccpp_js.jsonl	fixed4	8
nora_codebert	transfer_cwe	42	microsoft/codebert-base	cls	cwe	12	0.6586	0.2	data/train_ccpp_js.jsonl	fixed4	8
nora_codebert	transfer_latent_bottleneck	42	microsoft/codebert-base	cls	latent_bottleneck	14	0.6476	0.2	data/train_ccpp_js.jsonl	fixed4	8
nora_codebert	transfer_latent_proto	42	microsoft/codebert-base	cls	latent_proto	3	0.5346	0.2	data/train_ccpp_js.jsonl	fixed4	8
nora_codebert	transfer_none	42	microsoft/codebert-base	cls	none	15	0.6575	0.2	data/train_ccpp_js.jsonl	fixed4	8
nora_codet5	transfer_cwe	42	Salesforce/codet5-base	mean	cwe	14	0.6449	0.2	data/train_ccpp_js.jsonl	fixed4	8
nora_codet5	transfer_latent_bottleneck	42	Salesforce/codet5-base	mean	latent_bottleneck	14	0.6356	0.2	data/train_ccpp_js.jsonl	fixed4	8
nora_codet5	transfer_latent_proto	42	Salesforce/codet5-base	mean	latent_proto	7	0.5357	0.2	data/train_ccpp_js.jsonl	fixed4	8
nora_codet5	transfer_none	42	Salesforce/codet5-base	mean	none	14	0.6828	0.2	data/train_ccpp_js.jsonl	fixed4	8
emb1_emb	transfer_cwe	42	Salesforce/codet5p-110m-embedding	mean	cwe	14	0.6589	0.2	data/train_ccpp_js.jsonl	fixed4	8
emb1_emb	transfer_latent_bottleneck	42	Salesforce/codet5p-110m-embedding	mean	latent_bottleneck	14	0.6586	0.2	data/train_ccpp_js.jsonl	fixed4	8
emb1_emb	transfer_latent_proto	42	Salesforce/codet5p-110m-embedding	mean	latent_proto	15	0.6558	0.2	data/train_ccpp_js.jsonl	fixed4	8
emb1_emb	transfer_none	42	Salesforce/codet5p-110m-embedding	mean	none	15	0.7119	0.2	data/train_ccpp_js.jsonl	fixed4	8
emb2_emb	transfer_cwe	42	Salesforce/codet5p-110m-embedding	mean	cwe	14	0.6738	0.05	data/train_ccpp_js.jsonl	fixed4	8
emb2_emb	transfer_latent_bottleneck	42	Salesforce/codet5p-110m-embedding	mean	latent_bottleneck	15	0.6666	0.05	data/train_ccpp_js.jsonl	fixed4	8
emb2_emb	transfer_latent_proto	42	Salesforce/codet5p-110m-embedding	mean	latent_proto	15	0.7267	0.05	data/train_ccpp_js.jsonl	fixed4	8
fam1_t5p	transfer_cwe	42	Salesforce/codet5p-220m	mean	cwe	13	0.7078	0.2	data/train_ccpp_js.jsonl	fixed4	8
fam1_t5p	transfer_cwe	7	Salesforce/codet5p-220m	mean	cwe	15	0.6654	0.2	data/train_ccpp_js.jsonl	fixed4	8
fam1_t5p	transfer_latent_bottleneck	42	Salesforce/codet5p-220m	mean	latent_bottleneck	14	0.7078	0.2	data/train_ccpp_js.jsonl	fixed4	8
fam1_t5p	transfer_latent_bottleneck	7	Salesforce/codet5p-220m	mean	latent_bottleneck	15	0.6515	0.2	data/train_ccpp_js.jsonl	fixed4	8
fam1_t5p	transfer_latent_proto	42	Salesforce/codet5p-220m	mean	latent_proto	14	0.6709	0.2	data/train_ccpp_js.jsonl	fixed4	8
fam1_t5p	transfer_latent_proto	7	Salesforce/codet5p-220m	mean	latent_proto	15	0.6815	0.2	data/train_ccpp_js.jsonl	fixed4	8
fam1_t5p	transfer_none	42	Salesforce/codet5p-220m	mean	none	10	0.6771	0.2	data/train_ccpp_js.jsonl	fixed4	8
fam1_t5p	transfer_none	7	Salesforce/codet5p-220m	mean	none	15	0.7111	0.2	data/train_ccpp_js.jsonl	fixed4	8
fam1_unixcoder	transfer_cwe	42	microsoft/unixcoder-base	cls	cwe	13	0.6668	0.2	data/train_ccpp_js.jsonl	fixed4	8
fam1_unixcoder	transfer_cwe	7	microsoft/unixcoder-base	cls	cwe	14	0.6889	0.2	data/train_ccpp_js.jsonl	fixed4	8
fam1_unixcoder	transfer_latent_bottleneck	42	microsoft/unixcoder-base	cls	latent_bottleneck	14	0.7075	0.2	data/train_ccpp_js.jsonl	fixed4	8
fam1_unixcoder	transfer_latent_bottleneck	7	microsoft/unixcoder-base	cls	latent_bottleneck	14	0.6889	0.2	data/train_ccpp_js.jsonl	fixed4	8
fam1_unixcoder	transfer_latent_proto	42	microsoft/unixcoder-base	cls	latent_proto	13	0.6778	0.2	data/train_ccpp_js.jsonl	fixed4	8
fam1_unixcoder	transfer_latent_proto	7	microsoft/unixcoder-base	cls	latent_proto	12	0.6792	0.2	data/train_ccpp_js.jsonl	fixed4	8
fam1_unixcoder	transfer_none	42	microsoft/unixcoder-base	cls	none	11	0.6912	0.2	data/train_ccpp_js.jsonl	fixed4	8
fam1_unixcoder	transfer_none	7	microsoft/unixcoder-base	cls	none	15	0.67	0.2	data/train_ccpp_js.jsonl	fixed4	8
fam2_t5p	transfer_cwe	42	Salesforce/codet5p-220m	mean	cwe	15	0.7121	0.05	data/train_ccpp_js.jsonl	fixed4	8
fam2_t5p	transfer_latent_bottleneck	42	Salesforce/codet5p-220m	mean	latent_bottleneck	9	0.7007	0.05	data/train_ccpp_js.jsonl	fixed4	8
fam2_t5p	transfer_latent_proto	42	Salesforce/codet5p-220m	mean	latent_proto	8	0.6818	0.05	data/train_ccpp_js.jsonl	fixed4	8
fam2_unixcoder	transfer_cwe	42	microsoft/unixcoder-base	cls	cwe	15	0.6936	0.05	data/train_ccpp_js.jsonl	fixed4	8
fam2_unixcoder	transfer_latent_bottleneck	42	microsoft/unixcoder-base	cls	latent_bottleneck	15	0.6953	0.05	data/train_ccpp_js.jsonl	fixed4	8
fam2_unixcoder	transfer_latent_proto	42	microsoft/unixcoder-base	cls	latent_proto	13	0.6969	0.05	data/train_ccpp_js.jsonl	fixed4	8
sam_t5p	transfer_cwe	42	Salesforce/codet5p-220m	mean	cwe	13	0.7078	0.2	data/train_ccpp_js.jsonl	fixed4	8
sam_t5p	transfer_none	42	Salesforce/codet5p-220m	mean	none	10	0.6771	0.2	data/train_ccpp_js.jsonl	fixed4	8
same_emb	transfer_cwe	42	Salesforce/codet5p-110m-embedding	mean	cwe	14	0.6647	0.2	data/train_ccpp_js.jsonl	fixed4	8
same_emb	transfer_none	42	Salesforce/codet5p-110m-embedding	mean	none	15	0.7197	0.2	data/train_ccpp_js.jsonl	fixed4	8
samu_unixcoder	transfer_cwe	42	microsoft/unixcoder-base	cls	cwe	13	0.6668	0.2	data/train_ccpp_js.jsonl	fixed4	8
samu_unixcoder	transfer_none	42	microsoft/unixcoder-base	cls	none	11	0.6912	0.2	data/train_ccpp_js.jsonl	fixed4	8
